Y_Date,Y
29-05-2014,19500
30-05-2014,19600
02-06-2014,19450
03-06-2014,19350
04-06-2014,19300
05-06-2014,19300
06-06-2014,19400
09-06-2014,19300
10-06-2014,19300
11-06-2014,19450
12-06-2014,19450
13-06-2014,19600
16-06-2014,19650
17-06-2014,19550
18-06-2014,19600
19-06-2014,19600
20-06-2014,20150
23-06-2014,20150
24-06-2014,20250
25-06-2014,20250
26-06-2014,20250
27-06-2014,20250
30-06-2014,20250
02-07-2014,20350
03-07-2014,20350
04-07-2014,20250
08-07-2014,20250
09-07-2014,20250
10-07-2014,20300
14-07-2014,20400
15-07-2014,19950
16-07-2014,19800
17-07-2014,19850
18-07-2014,20100
21-07-2014,19950
22-07-2014,19850
23-07-2014,19750
24-07-2014,19650
25-07-2014,19550
28-07-2014,19650
29-07-2014,19700
30-07-2014,19650
31-07-2014,19650
01-08-2014,19600
04-08-2014,19700
05-08-2014,19650
06-08-2014,19700
07-08-2014,19900
08-08-2014,20100
13-08-2014,19900
14-08-2014,19850
15-08-2014,19850
18-08-2014,19650
19-08-2014,19650
20-08-2014,19600
21-08-2014,19600
22-08-2014,19400
25-08-2014,19450
26-08-2014,19350
27-08-2014,19450
28-08-2014,19450
29-08-2014,19550
01-09-2014,19500
03-09-2014,19350
04-09-2014,19350
05-09-2014,19250
08-09-2014,19250
09-09-2014,19150
10-09-2014,19150
11-09-2014,19050
12-09-2014,18850
15-09-2014,18850
16-09-2014,18950
17-09-2014,18950
18-09-2014,18800
19-09-2014,18750
22-09-2014,18550
23-09-2014,18650
24-09-2014,18700
25-09-2014,18600
26-09-2014,18750
29-09-2014,18700
30-09-2014,18700
01-10-2014,18500
02-10-2014,18600
03-10-2014,18600
06-10-2014,18300
07-10-2014,18550
08-10-2014,18700
09-10-2014,18750
10-10-2014,18700
13-10-2014,18850
14-10-2014,18850
15-10-2014,18850
16-10-2014,19000
17-10-2014,18950
20-10-2014,18900
21-10-2014,18950
22-10-2014,19000
24-10-2014,18850
27-10-2014,18800
28-10-2014,18850
29-10-2014,18850
30-10-2014,18650
31-10-2014,18400
03-11-2014,18000
04-11-2014,18000
05-11-2014,18000
06-11-2014,17750
07-11-2014,17750
10-11-2014,18150
11-11-2014,17900
12-11-2014,18050
13-11-2014,18000
14-11-2014,18000
17-11-2014,18350
18-11-2014,18300
19-11-2014,18450
20-11-2014,18300
21-11-2014,18450
24-11-2014,18550
25-11-2014,18550
26-11-2014,18550
27-11-2014,18500
01-12-2014,18000
02-12-2014,18750
03-12-2014,18700
04-12-2014,18800
08-12-2014,18700
09-12-2014,18800
11-12-2014,19100
12-12-2014,19050
15-12-2014,18950
16-12-2014,18750
17-12-2014,18750
18-12-2014,18650
19-12-2014,18700
22-12-2014,18650
23-12-2014,18400
24-12-2014,18400
26-12-2014,18450
29-12-2014,18650
30-12-2014,18550
05-01-2015,18550
06-01-2015,18700
07-01-2015,18850
08-01-2015,18800
09-01-2015,18750
12-01-2015,18950
13-01-2015,19100
14-01-2015,19050
15-01-2015,19000
16-01-2015,19400
19-01-2015,19600
21-01-2015,19950
22-01-2015,19850
23-01-2015,19950
26-01-2015,19900
27-01-2015,19650
28-01-2015,19850
29-01-2015,19700
30-01-2015,19500
02-02-2015,19850
03-02-2015,19650
04-02-2015,19500
05-02-2015,19650
06-02-2015,19550
09-02-2015,19200
10-02-2015,19200
11-02-2015,19150
12-02-2015,18950
13-02-2015,19000
16-02-2015,19050
18-02-2015,18700
19-02-2015,18800
20-02-2015,18700
23-02-2015,18600
24-02-2015,18600
25-02-2015,18650
26-02-2015,18650
27-02-2015,18600
02-03-2015,18750
03-03-2015,18400
05-03-2015,18500
06-03-2015,18450
09-03-2015,18100
10-03-2015,18100
11-03-2015,18050
12-03-2015,18000
13-03-2015,18050
16-03-2015,18100
17-03-2015,18050
18-03-2015,18000
19-03-2015,18200
20-03-2015,18200
23-03-2015,18300
24-03-2015,18300
25-03-2015,18350
26-03-2015,18500
27-03-2015,18550
30-03-2015,18500
31-03-2015,18350
01-04-2015,18350
02-04-2015,18500
07-04-2015,18700
08-04-2015,18650
09-04-2015,18500
10-04-2015,18450
16-04-2015,18550
17-04-2015,18450
20-04-2015,18500
21-04-2015,18400
22-04-2015,18450
23-04-2015,18250
24-04-2015,18350
27-04-2015,18300
28-04-2015,18550
29-04-2015,18700
30-04-2015,18750
06-05-2015,18850
07-05-2015,18750
08-05-2015,18800
11-05-2015,18900
12-05-2015,18950
13-05-2015,19000
14-05-2015,19250
15-05-2015,19350
18-05-2015,19400
19-05-2015,19350
20-05-2015,19250
21-05-2015,19250
22-05-2015,19150
25-05-2015,19150
27-05-2015,19050
28-05-2015,19050
29-05-2015,19000
02-06-2015,19000
03-06-2015,19100
04-06-2015,18900
05-06-2015,18850
08-06-2015,18850
09-06-2015,18800
10-06-2015,18850
11-06-2015,18900
12-06-2015,18900
15-06-2015,18900
16-06-2015,18900
17-06-2015,18850
18-06-2015,18900
19-06-2015,19150
22-06-2015,19100
23-06-2015,18950
24-06-2015,18850
25-06-2015,18850
26-06-2015,18850
29-06-2015,18950
30-06-2015,18850
02-07-2015,18750
03-07-2015,18700
07-07-2015,18750
08-07-2015,18650
09-07-2015,18650
10-07-2015,18700
13-07-2015,18750
14-07-2015,18650
15-07-2015,18650
16-07-2015,18600
17-07-2015,18600
20-07-2015,18100
21-07-2015,18100
22-07-2015,18050
23-07-2015,18100
24-07-2015,17900
27-07-2015,18150
28-07-2015,18100
29-07-2015,18150
31-07-2015,18100
03-08-2015,18200
04-08-2015,18100
05-08-2015,18100
06-08-2015,18100
07-08-2015,18150
10-08-2015,18200
11-08-2015,18400
13-08-2015,18700
14-08-2015,18600
17-08-2015,18650
18-08-2015,18800
19-08-2015,18850
20-08-2015,19100
21-08-2015,19600
24-08-2015,19650
25-08-2015,19500
26-08-2015,19200
27-08-2015,19050
28-08-2015,19100
31-08-2015,19250
01-09-2015,19300
02-09-2015,19300
03-09-2015,19250
04-09-2015,19100
07-09-2015,19150
09-09-2015,19150
10-09-2015,19000
11-09-2015,19000
14-09-2015,18950
15-09-2015,18900
16-09-2015,18850
17-09-2015,19050
18-09-2015,19150
21-09-2015,19250
22-09-2015,19300
23-09-2015,19200
24-09-2015,19450
25-09-2015,19750
28-09-2015,19650
29-09-2015,19550
30-09-2015,19400
01-10-2015,19250
02-10-2015,19300
05-10-2015,19600
06-10-2015,19550
07-10-2015,19700
08-10-2015,19500
09-10-2015,19350
12-10-2015,19500
13-10-2015,19450
14-10-2015,19800
15-10-2015,19700
16-10-2015,19700
19-10-2015,19650
20-10-2015,19650
21-10-2015,19750
22-10-2015,19650
26-10-2015,19650
27-10-2015,19600
28-10-2015,19650
29-10-2015,19650
30-10-2015,19400
02-11-2015,19250
03-11-2015,19150
04-11-2015,18900
05-11-2015,18750
06-11-2015,18750
09-11-2015,18600
10-11-2015,18650
11-11-2015,18600
12-11-2015,18500
13-11-2015,18450
16-11-2015,18600
17-11-2015,18500
18-11-2015,18300
19-11-2015,18400
20-11-2015,18400
23-11-2015,18250
24-11-2015,18250
25-11-2015,18300
26-11-2015,18200
30-11-2015,18000
01-12-2015,18200
02-12-2015,18150
03-12-2015,17950
04-12-2015,18050
08-12-2015,18200
09-12-2015,18350
11-12-2015,18250
14-12-2015,18400
15-12-2015,18250
16-12-2015,18150
17-12-2015,18250
18-12-2015,18150
21-12-2015,18300
22-12-2015,18450
23-12-2015,18350
24-12-2015,18350
28-12-2015,18350
29-12-2015,18350
30-12-2015,18350
04-01-2016,18200
05-01-2016,18100
06-01-2016,18450
07-01-2016,18900
08-01-2016,18900
11-01-2016,19000
12-01-2016,18850
13-01-2016,18650
14-01-2016,18800
15-01-2016,18600
18-01-2016,18800
20-01-2016,18750
21-01-2016,18900
22-01-2016,18850
25-01-2016,18750
26-01-2016,18900
27-01-2016,19000
28-01-2016,19000
29-01-2016,18900
01-02-2016,18950
02-02-2016,19000
03-02-2016,19100
04-02-2016,19250
05-02-2016,19450
08-02-2016,19600
09-02-2016,20050
10-02-2016,20000
11-02-2016,20100
12-02-2016,20650
15-02-2016,20700
17-02-2016,20300
18-02-2016,20350
19-02-2016,20700
23-02-2016,20600
24-02-2016,20750
25-02-2016,20850
26-02-2016,20900
29-02-2016,20750
01-03-2016,21000
02-03-2016,20750
03-03-2016,20850
04-03-2016,21050
07-03-2016,21150
08-03-2016,21300
09-03-2016,21050
10-03-2016,20950
11-03-2016,21300
14-03-2016,20900
15-03-2016,20500
16-03-2016,20500
17-03-2016,20700
18-03-2016,20850
21-03-2016,20750
22-03-2016,20600
23-03-2016,20600
24-03-2016,20400
28-03-2016,20300
29-03-2016,20450
30-03-2016,20700
31-03-2016,20500
01-04-2016,20500
04-04-2016,20300
05-04-2016,20500
07-04-2016,20500
08-04-2016,20600
11-04-2016,20750
12-04-2016,20800
18-04-2016,20550
19-04-2016,20450
20-04-2016,20700
21-04-2016,20700
22-04-2016,20750
25-04-2016,20550
26-04-2016,20650
27-04-2016,20700
28-04-2016,20700
29-04-2016,21050
03-05-2016,21350
04-05-2016,21300
09-05-2016,21400
10-05-2016,21100
11-05-2016,21200
12-05-2016,21250
13-05-2016,21200
16-05-2016,21400
17-05-2016,21400
18-05-2016,21500
19-05-2016,21300
23-05-2016,21200
24-05-2016,21150
25-05-2016,20850
26-05-2016,20800
27-05-2016,20550
30-05-2016,20450
01-06-2016,20600
02-06-2016,20550
03-06-2016,20450
06-06-2016,20800
07-06-2016,20800
08-06-2016,20800
09-06-2016,20950
10-06-2016,21150
13-06-2016,21250
14-06-2016,21350
15-06-2016,21500
16-06-2016,21650
17-06-2016,21450
20-06-2016,21450
21-06-2016,21500
22-06-2016,21200
23-06-2016,21100
24-06-2016,21400
27-06-2016,22200
28-06-2016,22100
29-06-2016,22050
30-06-2016,21950
04-07-2016,22400
06-07-2016,22750
07-07-2016,22800
08-07-2016,22600
11-07-2016,22800
12-07-2016,22600
13-07-2016,22250
14-07-2016,22350
15-07-2016,22100
20-07-2016,22100
21-07-2016,21850
22-07-2016,22000
25-07-2016,21850
26-07-2016,21900
27-07-2016,21900
28-07-2016,22100
29-07-2016,22100
01-08-2016,22250
02-08-2016,22250
03-08-2016,22450
04-08-2016,22450
05-08-2016,22500
08-08-2016,22200
09-08-2016,22100
10-08-2016,22200
11-08-2016,22150
15-08-2016,22100
16-08-2016,22050
17-08-2016,22100
18-08-2016,22200
19-08-2016,22100
22-08-2016,22000
23-08-2016,21950
24-08-2016,21950
25-08-2016,21800
26-08-2016,21700
29-08-2016,21650
30-08-2016,21700
31-08-2016,21600
01-09-2016,21550
02-09-2016,21550
05-09-2016,21750
07-09-2016,22100
08-09-2016,22100
09-09-2016,22050
12-09-2016,21950
13-09-2016,22000
14-09-2016,21900
15-09-2016,21900
16-09-2016,21750
19-09-2016,21750
20-09-2016,21750
21-09-2016,21700
22-09-2016,21900
23-09-2016,21900
26-09-2016,21950
27-09-2016,21900
28-09-2016,21750
29-09-2016,21750
30-09-2016,21750
03-10-2016,21650
04-10-2016,21550
05-10-2016,21000
06-10-2016,20950
07-10-2016,20800
10-10-2016,20900
11-10-2016,21000
12-10-2016,21050
13-10-2016,21250
14-10-2016,21050
17-10-2016,21050
18-10-2016,21000
19-10-2016,20950
20-10-2016,21050
21-10-2016,21050
25-10-2016,21000
26-10-2016,21100
27-10-2016,21050
28-10-2016,21150
31-10-2016,21150
01-11-2016,21150
02-11-2016,21400
03-11-2016,21500
04-11-2016,21550
07-11-2016,21450
08-11-2016,21300
09-11-2016,21550
10-11-2016,21400
11-11-2016,21100
14-11-2016,20500
15-11-2016,20600
16-11-2016,20650
17-11-2016,20600
18-11-2016,20400
21-11-2016,20450
22-11-2016,20500
23-11-2016,20450
24-11-2016,20100
28-11-2016,20150
29-11-2016,20100
30-11-2016,20150
01-12-2016,19800
02-12-2016,19900
06-12-2016,19850
07-12-2016,19800
08-12-2016,19900
09-12-2016,19750
13-12-2016,19650
14-12-2016,19600
15-12-2016,19400
16-12-2016,19250
19-12-2016,19350
20-12-2016,19400
21-12-2016,19400
22-12-2016,19350
23-12-2016,19350
27-12-2016,19400
28-12-2016,19500
29-12-2016,19600
30-12-2016,19700
04-01-2017,19750
05-01-2017,19900
06-01-2017,19950
09-01-2017,19950
10-01-2017,19950
11-01-2017,20050
12-01-2017,20050
13-01-2017,20050
16-01-2017,20150
18-01-2017,20300
19-01-2017,20200
20-01-2017,20200
23-01-2017,20300
24-01-2017,20300
25-01-2017,20250
26-01-2017,20050
27-01-2017,19900
30-01-2017,19950
31-01-2017,20000
01-02-2017,20050
02-02-2017,20050
03-02-2017,20100
06-02-2017,20200
07-02-2017,20350
08-02-2017,20400
09-02-2017,20450
10-02-2017,20250
14-02-2017,20300
15-02-2017,20300
16-02-2017,20350
17-02-2017,20400
20-02-2017,20400
22-02-2017,20400
23-02-2017,20400
24-02-2017,20550
27-02-2017,20650
28-02-2017,20600
01-03-2017,20700
02-03-2017,20650
03-03-2017,20500
06-03-2017,20500
07-03-2017,20400
08-03-2017,20300
09-03-2017,20250
10-03-2017,20100
13-03-2017,20150
14-03-2017,20150
15-03-2017,20100
16-03-2017,20350
17-03-2017,20350
20-03-2017,20300
21-03-2017,20250
22-03-2017,20500
23-03-2017,20450
24-03-2017,20450
27-03-2017,20500
28-03-2017,20450
29-03-2017,20450
30-03-2017,20450
31-03-2017,20300
03-04-2017,20300
04-04-2017,20450
05-04-2017,20500
07-04-2017,20800
10-04-2017,20600
11-04-2017,20600
12-04-2017,20850
17-04-2017,20950
18-04-2017,20900
19-04-2017,20900
20-04-2017,20850
24-04-2017,20800
25-04-2017,20750
26-04-2017,20650
27-04-2017,20700
02-05-2017,20600
03-05-2017,20550
04-05-2017,20400
08-05-2017,20250
09-05-2017,20200
11-05-2017,20150
15-05-2017,20200
16-05-2017,20200
17-05-2017,20300
18-05-2017,20550
22-05-2017,20400
23-05-2017,20550
24-05-2017,20450
25-05-2017,20450
30-05-2017,20500
31-05-2017,20400
01-06-2017,20500
05-06-2017,20600
06-06-2017,20650
07-06-2017,20800
08-06-2017,20750
12-06-2017,20500
13-06-2017,20450
14-06-2017,20400
15-06-2017,20100
19-06-2017,20150
20-06-2017,20100
21-06-2017,20100
22-06-2017,20200
26-06-2017,20200
27-06-2017,20050
28-06-2017,20150
29-06-2017,20150
03-07-2017,20000
05-07-2017,19800
06-07-2017,19800
11-07-2017,19650
12-07-2017,19650
13-07-2017,19700
17-07-2017,19700
18-07-2017,19700
19-07-2017,19800
20-07-2017,19750
24-07-2017,19850
25-07-2017,19850
26-07-2017,19850
27-07-2017,19900
31-07-2017,20000
01-08-2017,20050
02-08-2017,20000
03-08-2017,19950
07-08-2017,19900
08-08-2017,19900
09-08-2017,19950
10-08-2017,20050
15-08-2017,20100
16-08-2017,20100
17-08-2017,20250
21-08-2017,20250
22-08-2017,20300
23-08-2017,20250
24-08-2017,20350
28-08-2017,20350
29-08-2017,20700
30-08-2017,20650
31-08-2017,20500
05-09-2017,20950
06-09-2017,21000
07-09-2017,20950
11-09-2017,21000
12-09-2017,20850
13-09-2017,20850
14-09-2017,20750
18-09-2017,20700
19-09-2017,20500
20-09-2017,20550
21-09-2017,20450
25-09-2017,20300
26-09-2017,20550
27-09-2017,20450
28-09-2017,20300
02-10-2017,20200
03-10-2017,20200
04-10-2017,20150
05-10-2017,20150
09-10-2017,20250
10-10-2017,20350
11-10-2017,20300
12-10-2017,20300
16-10-2017,20400
17-10-2017,20300
18-10-2017,20250
19-10-2017,20100
24-10-2017,20150
25-10-2017,20100
30-10-2017,20050
31-10-2017,20100
01-11-2017,20000
02-11-2017,20100
06-11-2017,20000
07-11-2017,20100
08-11-2017,20050
09-11-2017,20100
13-11-2017,20050
14-11-2017,20050
15-11-2017,20050
16-11-2017,20000
20-11-2017,20100
21-11-2017,19950
22-11-2017,19900
27-11-2017,20000
28-11-2017,20050
29-11-2017,20000
30-11-2017,19850
04-12-2017,19800
06-12-2017,19600
07-12-2017,19600
12-12-2017,19300
13-12-2017,19250
14-12-2017,19400
18-12-2017,19300
19-12-2017,19500
20-12-2017,19500
21-12-2017,19550
26-12-2017,19850
27-12-2017,19950
28-12-2017,20000
03-01-2018,20050
04-01-2018,20050
08-01-2018,20150
09-01-2018,20150
10-01-2018,20050
11-01-2018,20050
16-01-2018,20250
17-01-2018,20250
18-01-2018,20100
22-01-2018,20150
23-01-2018,20150
24-01-2018,20150
25-01-2018,20250
29-01-2018,20050
30-01-2018,19950
31-01-2018,19950
01-02-2018,20000
05-02-2018,19850
06-02-2018,20150
07-02-2018,19850
08-02-2018,19800
12-02-2018,19850
13-02-2018,19850
14-02-2018,19850
15-02-2018,20050
20-02-2018,20000
21-02-2018,19900
22-02-2018,19850
26-02-2018,19850
27-02-2018,19850
28-02-2018,19700
05-03-2018,19750
06-03-2018,19700
07-03-2018,19800
08-03-2018,19750
12-03-2018,19650
13-03-2018,19650
14-03-2018,19650
15-03-2018,19600
19-03-2018,19450
20-03-2018,19500
21-03-2018,19450
22-03-2018,19650
26-03-2018,19900
27-03-2018,19950
28-03-2018,19900
02-04-2018,19650
03-04-2018,19800
04-04-2018,19700
05-04-2018,19700
09-04-2018,19750
10-04-2018,19750
11-04-2018,19800
12-04-2018,19950
17-04-2018,19900
18-04-2018,19900
19-04-2018,19950
23-04-2018,19850
24-04-2018,19850
25-04-2018,19800
26-04-2018,19800
30-04-2018,19750
02-05-2018,19650
03-05-2018,19700
07-05-2018,19800
08-05-2018,19850
09-05-2018,19900
10-05-2018,20000
14-05-2018,19950
15-05-2018,19850
16-05-2018,19700
17-05-2018,19650
21-05-2018,19700
22-05-2018,19650
23-05-2018,19650
24-05-2018,19700
30-05-2018,19800
31-05-2018,19750
04-06-2018,19650
05-06-2018,19600
06-06-2018,19650
07-06-2018,19600
11-06-2018,19750
12-06-2018,19750
13-06-2018,19750
14-06-2018,19750
18-06-2018,19850
19-06-2018,19850
20-06-2018,19800
21-06-2018,19750
25-06-2018,19850
26-06-2018,19800
27-06-2018,19650
28-06-2018,19650
02-07-2018,19650
03-07-2018,19600
05-07-2018,19750
09-07-2018,19750
10-07-2018,19750
11-07-2018,19750
12-07-2018,19700
16-07-2018,19650
17-07-2018,19600
18-07-2018,19450
19-07-2018,19400
23-07-2018,19500
24-07-2018,19450
25-07-2018,19400
26-07-2018,19400
31-07-2018,19300
01-08-2018,19250
02-08-2018,19200
06-08-2018,19200
07-08-2018,19150
08-08-2018,19150
09-08-2018,19150
14-08-2018,18950
15-08-2018,18900
16-08-2018,18550
20-08-2018,18700
21-08-2018,18600
22-08-2018,18550
23-08-2018,18600
27-08-2018,18700
28-08-2018,18650
29-08-2018,18650
30-08-2018,18700
04-09-2018,18650
05-09-2018,18600
06-09-2018,18650
10-09-2018,18650
11-09-2018,18600
12-09-2018,18600
13-09-2018,18650
17-09-2018,18550
18-09-2018,18550
19-09-2018,18550
20-09-2018,18550
24-09-2018,18450
25-09-2018,18450
26-09-2018,18500
27-09-2018,18450
01-10-2018,18250
02-10-2018,18250
03-10-2018,18500
04-10-2018,18500
08-10-2018,18650
09-10-2018,18600
10-10-2018,18550
11-10-2018,18650
16-10-2018,18950
17-10-2018,18900
18-10-2018,18900
22-10-2018,18950
24-10-2018,19150
25-10-2018,19250
29-10-2018,19350
30-10-2018,19350
31-10-2018,19250
01-11-2018,19100
05-11-2018,19200
06-11-2018,19250
07-11-2018,19200
08-11-2018,19100
12-11-2018,19000
13-11-2018,18900
14-11-2018,18800
15-11-2018,18850
19-11-2018,19050
20-11-2018,19050
21-11-2018,19100
26-11-2018,19150
27-11-2018,19150
28-11-2018,19050
29-11-2018,19050
03-12-2018,19100
04-12-2018,19150
06-12-2018,19300
11-12-2018,19350
12-12-2018,19350
13-12-2018,19300
17-12-2018,19250
18-12-2018,19350
19-12-2018,19350
20-12-2018,19350
26-12-2018,19600
27-12-2018,19600
02-01-2019,19650
03-01-2019,19700
07-01-2019,19550
08-01-2019,19550
09-01-2019,19500
10-01-2019,19550
14-01-2019,19550
15-01-2019,19550
16-01-2019,19500
17-01-2019,19400
22-01-2019,19300
23-01-2019,19350
24-01-2019,19300
28-01-2019,19450
29-01-2019,19500
30-01-2019,19550
31-01-2019,19550
04-02-2019,19500
05-02-2019,19500
06-02-2019,19500
07-02-2019,19400
11-02-2019,19550
12-02-2019,19450
13-02-2019,19450
14-02-2019,19500
20-02-2019,19800
21-02-2019,19750
25-02-2019,19700
26-02-2019,19700
27-02-2019,19750
28-02-2019,19700
04-03-2019,19550
05-03-2019,19500
06-03-2019,19400
07-03-2019,19450
11-03-2019,19500
12-03-2019,19450
13-03-2019,19550
14-03-2019,19550
18-03-2019,19500
19-03-2019,19600
20-03-2019,19600
21-03-2019,19750
25-03-2019,19700
26-03-2019,19750
27-03-2019,19800
28-03-2019,19800
01-04-2019,19450
02-04-2019,19400
03-04-2019,19450
04-04-2019,19450
09-04-2019,19600
10-04-2019,19650
11-04-2019,19650
17-04-2019,19300
22-04-2019,19350
23-04-2019,19300
24-04-2019,19300
25-04-2019,19400
29-04-2019,19450
30-04-2019,19400
02-05-2019,19350
07-05-2019,19400
08-05-2019,19450
09-05-2019,19350
13-05-2019,19300
14-05-2019,19450
15-05-2019,19350
16-05-2019,19350
21-05-2019,19300
22-05-2019,19300
23-05-2019,19300
28-05-2019,19400
29-05-2019,19350
30-05-2019,19300
04-06-2019,19650
05-06-2019,19700
06-06-2019,19750
10-06-2019,19750
11-06-2019,19750
12-06-2019,19700
13-06-2019,19750
17-06-2019,19850
18-06-2019,19900
19-06-2019,19900
20-06-2019,20250
24-06-2019,20450
25-06-2019,20650
26-06-2019,20650
27-06-2019,20500
01-07-2019,20250
02-07-2019,20250
03-07-2019,20600
08-07-2019,20350
09-07-2019,20350
10-07-2019,20350
11-07-2019,20600
15-07-2019,20650
17-07-2019,20600
18-07-2019,20750
22-07-2019,20800
23-07-2019,20750
24-07-2019,20800
25-07-2019,20850
30-07-2019,20800
31-07-2019,20800
01-08-2019,20600
05-08-2019,21050
06-08-2019,21350
07-08-2019,21550
08-08-2019,21800
13-08-2019,22050
14-08-2019,21900
15-08-2019,22150
19-08-2019,22050
20-08-2019,21850
21-08-2019,21950
22-08-2019,21900
26-08-2019,22300
27-08-2019,22150
28-08-2019,22300
29-08-2019,22150
03-09-2019,22150
04-09-2019,22350
05-09-2019,22350
09-09-2019,21950
10-09-2019,21650
11-09-2019,21650
12-09-2019,21650
16-09-2019,21750
17-09-2019,21700
18-09-2019,21700
19-09-2019,21650
23-09-2019,21900
24-09-2019,21950
25-09-2019,22150
26-09-2019,21900
30-09-2019,21700
01-10-2019,21300
02-10-2019,21450
03-10-2019,21750
07-10-2019,21750
08-10-2019,21550
09-10-2019,21650
10-10-2019,21650
15-10-2019,21500
16-10-2019,21400
17-10-2019,21450
21-10-2019,21400
22-10-2019,21300
24-10-2019,21400
28-10-2019,21550
29-10-2019,21400
30-10-2019,21350
31-10-2019,21400
04-11-2019,21600
05-11-2019,21550
06-11-2019,21350
07-11-2019,21400
11-11-2019,21100
12-11-2019,20950
13-11-2019,20950
14-11-2019,20950
18-11-2019,21000
19-11-2019,21000
20-11-2019,21050
21-11-2019,21050
25-11-2019,20950
26-11-2019,20850
27-11-2019,20900
02-12-2019,20900
03-12-2019,20950
04-12-2019,21200
09-12-2019,21000
11-12-2019,21000
12-12-2019,21100
16-12-2019,21600
17-12-2019,21150
18-12-2019,21150
19-12-2019,21150
23-12-2019,21150
26-12-2019,21450
30-12-2019,21600
02-01-2020,21650
03-01-2020,21900
06-01-2020,22500
07-01-2020,22250
08-01-2020,22750
09-01-2020,22400
10-01-2020,22200
13-01-2020,22300
14-01-2020,22100
15-01-2020,22200
16-01-2020,22300
17-01-2020,22400
20-01-2020,22400
21-01-2020,22500
22-01-2020,22350
23-01-2020,22400
24-01-2020,22550
27-01-2020,22950
28-01-2020,23000
29-01-2020,22850
30-01-2020,23200
31-01-2020,23200
03-02-2020,23400
04-02-2020,23200
05-02-2020,22900
06-02-2020,22850
07-02-2020,23100
11-02-2020,23200
12-02-2020,23150
13-02-2020,23150
14-02-2020,23200
17-02-2020,23350
18-02-2020,23400
19-02-2020,23600
20-02-2020,23800
21-02-2020,24250
24-02-2020,24950
25-02-2020,24800
26-02-2020,24750
27-02-2020,24850
28-02-2020,24550
02-03-2020,23750
03-03-2020,23850
04-03-2020,24450
05-03-2020,24400
06-03-2020,25000
09-03-2020,25250
10-03-2020,24800
11-03-2020,24700
12-03-2020,24450
13-03-2020,23750
16-03-2020,23300
17-03-2020,22700
18-03-2020,23450
19-03-2020,23000
20-03-2020,22800
23-03-2020,23250
24-03-2020,24450
25-03-2020,24800
26-03-2020,24550
27-03-2020,24800
30-03-2020,24900
31-03-2020,24900
01-04-2020,24650
02-04-2020,24850
03-04-2020,25050
07-04-2020,25650
08-04-2020,25400
09-04-2020,25350
13-04-2020,25700
14-04-2020,26250
15-04-2020,26250
16-04-2020,26200
17-04-2020,26100
20-04-2020,25800
21-04-2020,26000
22-04-2020,25900
23-04-2020,26100
24-04-2020,26350
27-04-2020,26350
28-04-2020,26100
29-04-2020,26150
30-04-2020,26150
05-05-2020,26000
07-05-2020,26000
08-05-2020,26150
11-05-2020,26000
12-05-2020,25900
13-05-2020,25900
14-05-2020,26000
15-05-2020,26250
18-05-2020,26600
19-05-2020,26300
20-05-2020,26350
21-05-2020,26300
22-05-2020,26100
25-05-2020,26150
26-05-2020,26200
27-05-2020,25900
28-05-2020,25900
29-05-2020,25950
01-06-2020,26100
02-06-2020,26050
04-06-2020,25600
05-06-2020,25600
08-06-2020,25250
09-06-2020,25250
10-06-2020,25450
11-06-2020,25350
12-06-2020,25450
15-06-2020,25400
16-06-2020,25400
17-06-2020,25450
18-06-2020,25450
19-06-2020,25400
22-06-2020,25700
23-06-2020,25700
24-06-2020,25850
25-06-2020,25750
26-06-2020,25800
29-06-2020,25850
30-06-2020,25900
01-07-2020,26100
02-07-2020,26000
03-07-2020,26150
07-07-2020,26250
08-07-2020,26550
09-07-2020,26650
10-07-2020,26700
13-07-2020,26700
14-07-2020,26800
15-07-2020,26950
16-07-2020,27050
17-07-2020,27000
20-07-2020,27150
21-07-2020,27250
22-07-2020,27650
23-07-2020,27850
24-07-2020,28200
29-07-2020,29050
30-07-2020,29100
31-07-2020,29000
03-08-2020,29100
04-08-2020,29050
05-08-2020,29450
06-08-2020,29850
07-08-2020,30350
10-08-2020,29900
11-08-2020,29700
13-08-2020,28400
14-08-2020,28650
17-08-2020,28550
18-08-2020,29350
19-08-2020,29400
20-08-2020,28850
21-08-2020,28950
24-08-2020,28850
25-08-2020,28850
26-08-2020,28650
27-08-2020,28750
28-08-2020,28650
31-08-2020,28900
01-09-2020,29100
02-09-2020,29050
03-09-2020,28850
08-09-2020,28650
09-09-2020,28650
10-09-2020,28750
11-09-2020,28850
14-09-2020,28850
15-09-2020,28950
16-09-2020,28900
17-09-2020,28750
18-09-2020,28750
21-09-2020,28650
22-09-2020,28400
23-09-2020,28300
24-09-2020,27900
25-09-2020,27850
28-09-2020,27900
29-09-2020,28300
30-09-2020,28400
01-10-2020,28250
02-10-2020,28400
05-10-2020,28350
06-10-2020,28300
07-10-2020,27900
08-10-2020,27900
09-10-2020,28100
12-10-2020,28300
14-10-2020,28000
15-10-2020,28000
16-10-2020,28150
19-10-2020,28100
20-10-2020,28100
21-10-2020,28300
22-10-2020,28300
26-10-2020,28200
27-10-2020,28250
28-10-2020,28200
29-10-2020,27800
30-10-2020,27700
02-11-2020,27750
03-11-2020,27900
04-11-2020,28000
05-11-2020,28000
06-11-2020,28250
09-11-2020,28300
10-11-2020,27100
11-11-2020,27000
12-11-2020,26800
13-11-2020,26950
16-11-2020,27100
17-11-2020,27000
18-11-2020,26900
19-11-2020,26900
20-11-2020,26800
23-11-2020,26850
24-11-2020,26350
25-11-2020,26050
26-11-2020,26000
27-11-2020,26000
30-11-2020,25600
01-12-2020,25550
02-12-2020,25950
03-12-2020,26150
04-12-2020,26250
08-12-2020,26600
09-12-2020,26550
14-12-2020,26200
15-12-2020,26100
16-12-2020,26350
17-12-2020,26450
18-12-2020,26550
21-12-2020,26900
22-12-2020,26800
23-12-2020,26650
24-12-2020,26850
28-12-2020,27000
29-12-2020,26750
30-12-2020,26750
04-01-2021,27150
05-01-2021,27400
06-01-2021,27600
07-01-2021,27200
08-01-2021,27250
11-01-2021,26150
12-01-2021,26400
13-01-2021,26450
14-01-2021,26250
15-01-2021,26300
18-01-2021,26050
19-01-2021,26250
20-01-2021,26250
21-01-2021,26500
22-01-2021,26450
25-01-2021,26350
26-01-2021,26350
27-01-2021,26200
28-01-2021,26150
29-01-2021,26200
01-02-2021,26250
02-02-2021,26400
03-02-2021,26200
04-02-2021,26000
05-02-2021,25650
08-02-2021,25800
09-02-2021,26050
10-02-2021,26050
11-02-2021,26050
15-02-2021,25850
16-02-2021,25800
17-02-2021,25500
18-02-2021,25500
19-02-2021,25200
22-02-2021,25400
23-02-2021,25700
24-02-2021,25750
25-02-2021,25600
01-03-2021,25200
02-03-2021,24650
03-03-2021,24900
04-03-2021,24700
05-03-2021,24500
08-03-2021,24800
09-03-2021,24700
10-03-2021,24950
11-03-2021,25100
12-03-2021,24950
15-03-2021,25150
16-03-2021,25200
17-03-2021,25250
18-03-2021,25450
19-03-2021,25350
22-03-2021,25400
23-03-2021,25400
24-03-2021,25400
25-03-2021,25500
26-03-2021,25550
29-03-2021,25550
30-03-2021,25300
31-03-2021,25000
01-04-2021,25300
05-04-2021,25600
07-04-2021,25750
08-04-2021,25800
09-04-2021,26100
12-04-2021,25950
16-04-2021,26050
19-04-2021,26250
20-04-2021,26150
21-04-2021,26400
22-04-2021,26600
23-04-2021,26600
26-04-2021,26450
27-04-2021,26450
28-04-2021,26350
29-04-2021,26450
30-04-2021,26150
05-05-2021,26300
06-05-2021,26350
07-05-2021,26800
10-05-2021,26950
11-05-2021,27000
12-05-2021,27050
13-05-2021,27000
14-05-2021,27050
17-05-2021,27500
18-05-2021,27800
19-05-2021,27800
20-05-2021,27800
21-05-2021,27800
24-05-2021,28000
25-05-2021,27800
27-05-2021,28050
28-05-2021,28050
31-05-2021,28200
01-06-2021,28200
02-06-2021,28000
04-06-2021,27600
07-06-2021,27850
08-06-2021,28000
09-06-2021,27900
10-06-2021,27800
11-06-2021,27950
14-06-2021,27550
15-06-2021,27450
16-06-2021,27400
17-06-2021,27100
18-06-2021,26550
21-06-2021,26500
22-06-2021,26750
23-06-2021,26800
24-06-2021,26850
25-06-2021,26800
28-06-2021,26850
29-06-2021,26950
30-06-2021,26800
01-07-2021,26850
02-07-2021,27050
05-07-2021,27150
06-07-2021,27350
07-07-2021,27550
08-07-2021,27600
09-07-2021,27900
12-07-2021,27900
13-07-2021,27950
14-07-2021,27950
15-07-2021,28200
16-07-2021,28300
19-07-2021,28200
20-07-2021,28200
21-07-2021,28100
22-07-2021,28000
23-07-2021,28100
27-07-2021,28000
29-07-2021,28250
30-07-2021,28400
02-08-2021,28300
03-08-2021,28250
04-08-2021,28350
05-08-2021,28350
06-08-2021,28450
09-08-2021,27550
10-08-2021,27550
11-08-2021,27400
13-08-2021,27550
16-08-2021,28050
17-08-2021,28250
18-08-2021,28100
19-08-2021,28150
20-08-2021,28150
23-08-2021,28150
24-08-2021,28300
25-08-2021,28050
26-08-2021,27800
27-08-2021,27850
30-08-2021,28000
31-08-2021,27850
01-09-2021,27800
03-09-2021,27900
06-09-2021,28100
07-09-2021,28100
08-09-2021,27950
09-09-2021,27750
10-09-2021,27850
13-09-2021,27750
14-09-2021,27900
15-09-2021,28150
16-09-2021,28000
17-09-2021,27650
20-09-2021,27650
21-09-2021,27900
22-09-2021,28150
23-09-2021,28050
27-09-2021,27800
28-09-2021,27900
29-09-2021,27900
30-09-2021,27850
01-10-2021,28000
04-10-2021,28050
05-10-2021,28250
06-10-2021,28200
07-10-2021,28200
08-10-2021,28200
12-10-2021,27900
15-10-2021,28250
19-10-2021,28000
20-10-2021,28050
21-10-2021,28250
25-10-2021,28300
26-10-2021,28250
27-10-2021,28150
29-10-2021,28250
01-11-2021,28200
03-11-2021,28200
04-11-2021,28050
05-11-2021,28350
08-11-2021,28500
09-11-2021,28350
11-11-2021,28700
16-11-2021,28900
17-11-2021,28800
18-11-2021,28850
22-11-2021,28750
23-11-2021,28350
24-11-2021,28250
29-11-2021,28650
30-11-2021,28500
01-12-2021,28400
03-12-2021,28500
08-12-2021,28400
15-12-2021,28100
16-12-2021,28200
20-12-2021,28550
22-12-2021,28600
23-12-2021,28700
29-12-2021,28700
04-01-2022,28500
07-01-2022,28500
10-01-2022,28650
12-01-2022,28700
13-01-2022,28750
14-01-2022,28650
18-01-2022,28450
21-01-2022,28700
25-01-2022,28750
27-01-2022,28550
10-02-2022,28400
21-02-2022,28850
01-03-2022,29400
03-03-2022,29700
07-03-2022,30700
31-03-2022,30400
05-04-2022,30600
28-04-2022,30700
10-05-2022,30450
11-05-2022,30200
12-05-2022,30500
17-05-2022,29950
24-05-2022,30000
25-05-2022,30150
08-06-2022,30200
13-06-2022,30650
14-06-2022,30250
15-06-2022,30200
16-06-2022,30300
23-06-2022,30750
27-06-2022,30750
29-06-2022,30250
30-06-2022,30400
05-07-2022,30550
14-07-2022,29750
18-07-2022,29700
25-07-2022,29950
26-07-2022,29950
01-08-2022,30300
02-08-2022,30350
04-08-2022,30300
09-08-2022,30000
10-08-2022,30050
15-08-2022,30100
16-08-2022,29950
22-08-2022,29700
23-08-2022,29800
25-08-2022,29850
29-08-2022,29800
30-08-2022,29900
31-08-2022,29850
14-09-2022,29600
20-09-2022,29300
21-09-2022,29300
26-09-2022,29400
03-10-2022,29850
04-10-2022,30350
11-10-2022,30050
12-10-2022,30100
01-11-2022,29550
09-11-2022,29800
16-11-2022,29950
21-11-2022,29800
23-11-2022,29800
29-11-2022,29550
06-12-2022,29450
07-12-2022,29500
14-12-2022,29650
19-12-2022,29550
21-12-2022,29800
22-12-2022,29800
27-12-2022,29600
28-12-2022,29750
29-12-2022,29700
09-01-2023,29800
11-01-2023,29800
12-01-2023,29750
19-01-2023,29850
23-01-2023,29900
24-01-2023,29950
31-01-2023,29900
02-02-2023,30200
13-02-2023,29750
16-02-2023,29800
21-02-2023,30050
22-02-2023,30100
08-03-2023,30150
09-03-2023,30150
23-03-2023,31850
27-03-2023,32050
29-03-2023,31900
03-04-2023,31850
19-04-2023,32600
27-04-2023,32250
03-05-2023,32150
08-05-2023,32450
11-05-2023,32400
17-05-2023,32250
22-05-2023,32200
23-05-2023,32150
01-06-2023,32250
07-06-2023,32300
13-06-2023,32100
22-06-2023,31900
27-06-2023,32150
05-07-2023,31900
06-07-2023,31850
17-07-2023,32050
20-07-2023,31850
26-07-2023,32050
27-07-2023,32000
07-08-2023,31850
08-08-2023,31950
16-08-2023,31950
24-08-2023,31750
29-08-2023,32000
11-09-2023,32300
12-09-2023,32350
13-09-2023,32300
14-09-2023,32300
18-09-2023,32500
19-09-2023,32600
20-09-2023,32950
21-09-2023,32950
25-09-2023,32800
26-09-2023,32900
27-09-2023,32850
28-09-2023,32600
03-10-2023,31900
04-10-2023,32000
05-10-2023,31950
09-10-2023,32450
10-10-2023,32550
11-10-2023,32250
12-10-2023,32300
16-10-2023,32950
17-10-2023,32950
18-10-2023,33250
19-10-2023,33600
24-10-2023,33900
25-10-2023,33750
26-10-2023,34100
30-10-2023,34150
31-10-2023,34000
01-11-2023,34000
02-11-2023,33850
06-11-2023,33500
07-11-2023,33300
08-11-2023,33100
09-11-2023,32800
14-11-2023,33200
15-11-2023,33050
16-11-2023,33100
20-11-2023,32950
21-11-2023,33050
22-11-2023,33300
27-11-2023,33550
28-11-2023,33350
29-11-2023,33550
30-11-2023,33750
06-12-2023,33700
07-12-2023,33800
12-12-2023,33500
13-12-2023,33550
14-12-2023,33800
19-12-2023,33550
26-12-2023,33800
27-12-2023,33750
28-12-2023,33800
